City_ID,City,Country,Lat,Lng,Max Temp,Humidity,Cloudiness,Wind Speed,Current Description
0,Busselton,AU,-33.65,115.3333,53.71,92,100,14.7,overcast clouds
1,Srednekolymsk,RU,67.45,153.6833,52.27,43,11,8.34,few clouds
2,Half Moon Bay,US,37.4636,-122.4286,92.53,69,20,19.57,mist
3,Punta Arenas,CL,-53.15,-70.9167,35.71,87,0,27.63,clear sky
4,East London,ZA,-33.0153,27.9116,69.03,31,0,8.43,clear sky
5,Albany,US,42.6001,-73.9662,91.42,44,98,3.0,overcast clouds
6,Upernavik,GL,72.7868,-56.1549,41.07,87,29,14.72,scattered clouds
7,Souillac,MU,-20.5167,57.5167,70.18,64,40,14.97,light rain
8,Longyearbyen,SJ,78.2186,15.6401,57.04,82,75,4.61,broken clouds
9,Rikitea,PF,-23.1203,-134.9692,73.47,82,79,15.7,moderate rain
10,Lorengau,PG,-2.0226,147.2712,81.9,79,86,9.66,light rain
11,Boppard,DE,50.2308,7.5899,76.01,51,95,2.57,overcast clouds
12,Kapaa,US,22.0752,-159.319,82.72,76,100,16.11,light rain
13,Victoria,HK,22.2855,114.1577,86.38,82,100,11.99,overcast clouds
14,Castro,BR,-24.7911,-50.0119,66.83,76,100,1.86,overcast clouds
15,Roma,US,43.2128,-75.4557,89.74,44,0,4.61,clear sky
16,Meulaboh,ID,4.1363,96.1285,76.51,90,82,2.55,broken clouds
17,Bluff,NZ,-46.6,168.3333,51.8,61,100,22.88,overcast clouds
18,Humaita,BR,-7.5061,-63.0208,89.17,46,87,2.59,overcast clouds
19,Nikolskoye,RU,59.7035,30.7861,57.09,95,100,4.74,overcast clouds
20,Gambo,CF,4.6482,22.2633,68.86,98,96,2.48,light rain
21,Hasaki,JP,35.7333,140.8333,73.8,89,99,8.37,overcast clouds
22,Ponta Do Sol,PT,32.6667,-17.1,75.0,81,8,7.83,clear sky
23,Chokurdakh,RU,70.6333,147.9167,45.09,62,9,11.92,clear sky
24,Vila Franca Do Campo,PT,37.7167,-25.4333,70.21,83,35,6.38,scattered clouds
25,Avarua,CK,-21.2078,-159.775,75.25,73,40,3.44,scattered clouds
26,Ushuaia,AR,-54.8,-68.3,38.86,52,20,5.75,few clouds
27,Port Alfred,ZA,-33.5906,26.891,70.52,35,0,12.24,clear sky
28,Hermanus,ZA,-34.4187,19.2345,54.81,83,0,8.55,clear sky
29,Nome,US,64.5011,-165.4064,55.17,66,75,8.05,broken clouds
30,Mahuva,IN,21.0914,71.7622,80.29,85,99,14.43,overcast clouds
31,Portland,US,45.5234,-122.6762,76.48,47,75,10.36,broken clouds
32,Tiksi,RU,71.6872,128.8694,38.53,74,100,6.06,overcast clouds
33,Nelson Bay,AU,-32.7167,152.15,57.0,73,10,11.01,clear sky
34,Paraiso,CR,9.8383,-83.8656,77.86,73,87,4.47,overcast clouds
35,Bonavista,CA,48.6499,-53.1147,65.3,68,79,16.87,broken clouds
36,Clyde River,CA,70.4692,-68.5914,35.83,87,75,14.97,broken clouds
37,Bayan,CN,46.0833,127.4,64.78,96,98,6.49,overcast clouds
38,Vao,NC,-22.6667,167.4833,71.11,74,100,18.63,overcast clouds
39,Bien Hoa,VN,10.95,106.8167,78.78,95,96,2.39,overcast clouds
40,Vaini,TO,-21.2,-175.2,75.36,88,20,10.36,few clouds
41,Pevek,RU,69.7008,170.3133,31.23,94,100,30.98,light snow
42,Puerto Ayora,EC,-0.7393,-90.3518,76.96,94,72,8.99,broken clouds
43,Urgut,UZ,39.4022,67.2431,78.42,22,0,1.25,clear sky
44,Faanui,PF,-16.4833,-151.75,77.11,70,77,18.1,light rain
45,Khatanga,RU,71.9667,102.5,58.06,60,100,4.85,overcast clouds
46,Aswan,EG,24.0934,32.907,92.5,13,0,6.91,clear sky
47,Piacabucu,BR,-10.4056,-36.4344,73.47,76,12,7.81,few clouds
48,Caravelas,BR,-17.7125,-39.2481,72.93,82,4,7.65,clear sky
49,Kushima,JP,31.4583,131.2333,76.44,78,100,3.04,light rain
50,Salalah,OM,17.0151,54.0924,78.89,89,100,6.91,overcast clouds
51,Gayeri,BF,12.6497,0.4931,77.94,74,40,5.88,scattered clouds
52,Jalandhar,IN,31.3256,75.5792,86.09,56,8,5.3,clear sky
53,Provideniya,RU,64.3833,-173.3,48.36,93,100,7.0,mist
54,Vrede,ZA,-27.4257,29.1659,44.29,39,0,3.13,clear sky
55,Jamestown,US,42.097,-79.2353,72.95,80,100,10.36,thunderstorm with rain
56,Saskylakh,RU,71.9167,114.0833,48.34,52,96,8.14,overcast clouds
57,Chicama,PE,-7.8447,-79.1469,61.34,63,1,9.04,clear sky
58,Kirovskiy,RU,45.0917,133.5136,61.7,92,98,3.09,overcast clouds
59,Miquelon,PM,47.0975,-56.3814,66.2,92,100,12.77,overcast clouds
60,Sitka,US,57.0531,-135.33,55.29,94,100,6.91,moderate rain
61,Ellisras,ZA,-23.6649,27.7443,51.55,85,2,5.23,clear sky
62,Nuuk,GL,64.1835,-51.7216,49.87,87,75,25.99,light intensity shower rain
63,Lata,PT,40.1629,-8.3327,64.09,87,7,2.8,clear sky
64,Touros,BR,-5.1989,-35.4608,77.58,78,71,16.53,broken clouds
65,Ardesen,TR,41.1911,40.9875,74.71,77,65,2.46,broken clouds
66,Kargasok,RU,59.0556,80.8572,51.06,95,22,9.06,few clouds
67,Bredasdorp,ZA,-34.5322,20.0403,54.3,87,0,4.76,clear sky
68,Port Dover,CA,42.7834,-80.1997,79.41,71,100,4.74,overcast clouds
69,Georgetown,MY,5.4112,100.3354,82.89,92,20,2.3,few clouds
70,Butaritari,KI,3.0707,172.7902,81.81,74,90,10.69,light rain
71,Pag,HR,44.445,15.0575,81.18,60,0,17.87,clear sky
72,Bambous Virieux,MU,-20.3428,57.7575,70.05,64,40,14.97,light rain
73,Mataura,NZ,-46.1927,168.8643,51.48,66,98,10.78,overcast clouds
74,Carnarvon,AU,-24.8667,113.6333,57.27,100,40,4.61,scattered clouds
75,Atuona,PF,-9.8,-139.0333,78.08,77,11,20.69,few clouds
76,Ahipara,NZ,-35.1667,173.1667,50.2,80,95,5.41,overcast clouds
77,Hobart,AU,-42.8794,147.3294,39.06,83,20,17.27,few clouds
78,Bull Savanna,JM,17.8868,-77.5902,84.79,60,85,20.6,overcast clouds
79,Ostrovnoy,RU,68.0531,39.5131,56.07,77,65,9.55,broken clouds
80,San Patricio,US,28.017,-97.5169,97.54,39,69,16.06,broken clouds
81,Bethel,US,41.3712,-73.414,85.77,63,0,8.05,clear sky
82,Fortuna,US,40.5982,-124.1573,66.92,79,8,7.0,clear sky
83,Tasiilaq,GL,65.6145,-37.6368,50.16,80,67,5.88,broken clouds
84,Luderitz,NA,-26.6481,15.1594,63.55,54,1,7.09,clear sky
85,Grindavik,IS,63.8424,-22.4338,51.75,87,100,11.5,light intensity drizzle
86,New Norfolk,AU,-42.7826,147.0587,38.7,79,87,1.01,overcast clouds
87,Oranjestad,AW,12.524,-70.027,85.95,74,75,23.02,broken clouds
88,Sangar,RU,63.9242,127.4739,66.94,96,100,6.46,moderate rain
89,Port Elizabeth,ZA,-33.918,25.5701,70.11,46,0,5.75,clear sky
90,Waddan,LY,29.1614,16.139,81.37,40,0,17.94,clear sky
91,Ayagoz,KZ,47.9714,80.4392,64.2,69,7,9.86,clear sky
92,Boguchany,RU,58.3814,97.4531,55.81,87,83,7.2,broken clouds
93,Seoul,KR,37.5683,126.9778,74.64,91,75,3.44,mist
94,Yellowknife,CA,62.456,-114.3525,66.72,72,100,18.41,overcast clouds
95,Maymyo,MM,22.0333,96.4667,67.35,94,100,1.34,overcast clouds
96,Bandar-E Anzali,IR,37.4727,49.4622,77.11,64,0,1.92,clear sky
97,Kodiak,US,57.79,-152.4072,63.91,52,100,6.91,overcast clouds
98,Arraial Do Cabo,BR,-22.9661,-42.0278,76.96,73,0,16.11,clear sky
99,Nouadhibou,MR,20.931,-17.0347,71.58,83,1,25.32,sand
100,Ilinskiy,RU,55.619,38.1182,58.71,88,40,2.24,light intensity shower rain
101,Danville,US,36.586,-79.395,87.87,70,75,0.0,broken clouds
102,Yarmouth,US,41.7057,-70.2286,86.14,74,0,13.8,clear sky
103,Thompson,CA,55.7435,-97.8558,80.76,50,40,13.8,scattered clouds
104,Los Llanos De Aridane,ES,28.6585,-17.9182,70.12,84,0,14.97,clear sky
105,Natal,BR,-5.795,-35.2094,77.65,94,75,10.36,broken clouds
106,Progreso,MX,21.2833,-89.6667,93.31,60,15,14.97,few clouds
107,Hilo,US,19.7297,-155.09,91.27,75,75,3.44,broken clouds
108,Marshalltown,US,42.0494,-92.908,84.43,54,40,5.75,scattered clouds
109,Ati,TD,13.2154,18.3353,78.06,74,100,12.71,overcast clouds
110,Urumqi,CN,43.801,87.6005,81.55,23,0,11.18,clear sky
111,Rio Grande,BR,-32.035,-52.0986,55.51,68,0,9.89,clear sky
112,Santa Cruz,BO,-17.8,-63.1667,59.05,72,75,6.91,broken clouds
113,Hobyo,SO,5.3505,48.5268,76.1,81,95,30.89,overcast clouds
114,Trinidad,BO,-14.8333,-64.9,78.62,50,39,6.29,scattered clouds
115,Beringovskiy,RU,63.05,179.3167,45.34,55,11,27.11,few clouds
116,Katobu,ID,-4.9408,122.5276,73.2,90,97,4.32,overcast clouds
117,Burley,US,42.5357,-113.7928,91.29,29,0,5.75,clear sky
118,Geraldton,AU,-28.7667,114.6,54.01,100,75,5.75,broken clouds
119,Panguna,PG,-6.3164,155.4848,70.45,94,54,2.37,light rain
120,Ouallam,NE,14.3188,2.0866,88.11,50,98,10.4,light rain
121,Kruisfontein,ZA,-34.0033,24.7314,69.89,25,2,20.54,clear sky
122,Esperance,AU,-33.8667,121.9,53.02,94,100,11.32,light rain
123,Mount Isa,AU,-20.7333,139.5,46.17,81,1,0.0,clear sky
124,San Cristobal,VE,7.7669,-72.225,80.78,60,47,5.82,scattered clouds
125,Margate,GB,51.3813,1.3862,69.12,67,43,1.01,scattered clouds
126,Takaka,NZ,-40.85,172.8,56.55,84,88,12.01,overcast clouds
127,Vila Velha,BR,-20.3297,-40.2925,76.95,82,0,12.66,clear sky
128,Capreol,CA,46.706,-80.9225,82.87,44,75,6.91,broken clouds
129,Mar Del Plata,AR,-38.0023,-57.5575,57.22,44,0,19.57,clear sky
130,Talas,TR,38.6908,35.5538,66.87,64,40,5.75,scattered clouds
131,Nisia Floresta,BR,-6.0911,-35.2086,77.38,82,80,11.7,broken clouds
132,Takoradi,GH,4.8845,-1.7554,74.95,80,57,8.66,broken clouds
133,Zyryanka,RU,65.75,150.85,56.55,50,64,2.93,broken clouds
134,Ouango,CF,4.3133,22.5552,70.05,98,89,2.59,light rain
135,Qaanaaq,GL,77.484,-69.3632,46.69,61,100,4.05,overcast clouds
136,Komsomolskiy,UZ,40.4272,71.7189,81.32,34,0,9.22,clear sky
137,Guerrero Negro,MX,27.9769,-114.0611,81.23,47,1,13.49,clear sky
138,Sabinas Hidalgo,MX,26.5,-100.1667,103.55,17,1,16.51,clear sky
139,Airai,TL,-8.9266,125.4092,52.93,87,39,3.6,scattered clouds
140,Zhezkazgan,KZ,47.8043,67.7144,75.96,47,0,7.56,clear sky
141,Rahuri,IN,19.3833,74.65,75.6,82,98,9.78,overcast clouds
142,Cape Town,ZA,-33.9258,18.4232,58.26,88,40,9.22,scattered clouds
143,Muhos,FI,64.808,25.9931,56.98,98,61,4.7,broken clouds
144,Poum,NC,-20.2333,164.0167,73.87,72,0,17.67,clear sky
145,Guiyang,CN,26.5833,106.7167,72.09,94,100,8.95,thunderstorm
146,Hailey,US,43.5196,-114.3153,91.89,16,83,15.64,broken clouds
147,Kisangani,CD,0.5167,25.2,71.91,97,100,2.33,moderate rain
148,Dera Bugti,PK,29.0307,69.151,83.01,72,40,6.51,scattered clouds
149,Amga,RU,60.8953,131.9608,71.2,70,6,2.44,clear sky
150,Cidreira,BR,-30.1811,-50.2056,53.69,71,22,9.64,few clouds
151,Ribeira Grande,PT,38.5167,-28.7,73.8,88,20,17.27,few clouds
152,Koungheul,SN,13.9833,-14.8,87.89,48,99,15.5,overcast clouds
153,Bay Roberts,CA,47.5999,-53.2648,71.35,60,100,11.45,overcast clouds
154,Werder,DE,52.3787,12.934,68.09,37,100,3.22,overcast clouds
155,Asau,RO,46.4333,26.4,65.32,65,24,3.47,few clouds
156,Pisco,PE,-13.7,-76.2167,66.25,68,3,6.91,haze
157,Maniitsoq,GL,65.4167,-52.9,42.84,95,100,17.54,light rain
158,Lompoc,US,34.6391,-120.4579,81.84,69,0,16.11,clear sky
159,Sechura,PE,-5.5569,-80.8222,74.3,58,6,15.84,clear sky
160,Portel,BR,-1.9356,-50.8211,84.38,65,58,2.77,broken clouds
161,Braganca,BR,-1.0536,-46.7656,76.95,89,97,2.98,overcast clouds
162,Carutapera,BR,-1.195,-46.02,79.86,78,67,7.99,broken clouds
163,Ammon,US,43.4696,-111.9666,93.25,20,0,8.05,clear sky
164,Port Lincoln,AU,-34.7333,135.8667,52.25,69,100,7.27,overcast clouds
165,Atar,MR,20.5169,-13.0499,100.92,11,30,6.02,scattered clouds
166,Ishigaki,JP,24.3448,124.1572,84.33,94,75,18.41,broken clouds
167,Bagdarin,RU,54.4333,113.6,52.95,96,97,1.7,overcast clouds
168,Tucuma,BR,-0.1833,-50.05,81.55,78,61,6.67,broken clouds
169,Torbay,CA,47.6666,-52.7314,70.57,76,100,5.75,overcast clouds
170,Miles City,US,46.4083,-105.8406,103.17,15,0,10.36,clear sky
171,Saint-Philippe,RE,-21.3585,55.7679,69.39,75,68,15.08,broken clouds
172,Fukue,JP,32.6881,128.8419,79.86,90,100,16.71,heavy intensity rain
173,Sioux Lookout,CA,50.1001,-91.917,86.07,48,75,12.66,broken clouds
174,Odesskoye,RU,54.2111,72.9651,57.79,73,56,7.14,broken clouds
175,Cotonou,BJ,6.3654,2.4183,76.44,84,21,12.03,few clouds
176,Fairbanks,US,64.8378,-147.7164,65.08,63,40,1.01,light rain
177,Inhambane,MZ,-23.865,35.3833,66.92,90,4,6.22,clear sky
178,Aasiaat,GL,68.7098,-52.8699,40.3,85,53,6.15,broken clouds
179,Dingle,PH,10.9995,122.6711,74.75,93,100,1.9,light rain
180,Tuktoyaktuk,CA,69.4541,-133.0374,62.6,72,40,10.36,scattered clouds
181,Sampit,ID,-2.5333,112.95,70.84,96,100,2.24,overcast clouds
182,Puerto Baquerizo Moreno,EC,-0.9,-89.6,69.15,79,32,14.25,scattered clouds
183,Sao Joao Da Barra,BR,-21.6403,-41.0511,78.89,85,100,20.04,overcast clouds
184,Swakopmund,NA,-22.6833,14.5333,63.99,68,21,3.0,few clouds
185,Jiangyou,CN,31.7667,104.7167,75.0,80,100,0.65,overcast clouds
186,Constitucion,CL,-35.3333,-72.4167,50.95,94,100,6.42,light rain
187,Nanortalik,GL,60.1432,-45.2371,43.3,86,99,13.22,overcast clouds
188,Kieta,PG,-6.2167,155.6333,79.34,86,69,5.7,light rain
189,Saint George,US,37.1041,-113.5841,103.78,19,0,12.66,clear sky
190,Kongolo,CD,-5.3833,27.0,81.01,42,95,3.76,overcast clouds
191,Vanimo,PG,-2.6741,141.3028,75.85,87,100,2.66,light rain
192,Ciudad Bolivar,VE,8.1222,-63.5497,88.68,59,78,5.44,broken clouds
193,Buraydah,SA,26.326,43.975,91.85,11,13,9.06,few clouds
194,Necochea,AR,-38.5473,-58.7368,53.64,42,41,19.53,scattered clouds
195,Bengkulu,ID,-3.8004,102.2655,75.31,88,54,4.21,broken clouds
196,Lachi,PK,33.3833,71.3386,88.18,56,16,5.73,few clouds
197,Palana,RU,59.1167,159.9667,49.69,94,100,20.49,overcast clouds
198,Hithadhoo,MV,-0.6,73.0833,77.36,84,100,20.49,overcast clouds
199,Bathsheba,BB,13.2167,-59.5167,86.61,82,20,24.16,few clouds
200,Barrow,US,71.2906,-156.7887,37.42,87,100,18.41,overcast clouds
201,Santa Maria,BR,-29.6842,-53.8069,51.1,66,100,2.3,overcast clouds
202,Miedzyrzecz,PL,52.4446,15.578,62.24,58,19,4.07,few clouds
203,Cherskiy,RU,68.75,161.3,39.09,54,98,16.33,overcast clouds
204,Chuy,UY,-33.6971,-53.4616,46.06,78,0,6.71,clear sky
205,Krasnaya Gora,RU,52.9995,31.6023,54.45,92,98,5.06,light rain
206,Antalaha,MG,-14.9003,50.2788,68.54,85,76,10.69,light rain
207,Bjornevatn,NO,69.6672,29.9847,57.54,94,75,5.75,light rain
208,Filadelfia,US,39.9523,-75.1638,88.27,65,100,11.5,overcast clouds
209,Umm Lajj,SA,25.0213,37.2685,85.59,54,63,7.27,broken clouds
210,Altay,CN,47.8667,88.1167,65.07,50,62,5.82,broken clouds
211,Jian,CN,27.1172,114.9793,78.76,90,100,2.21,moderate rain
212,Kayerkan,RU,69.3497,87.7602,51.53,76,62,3.2,broken clouds
213,Tessalit,ML,20.1986,1.0114,90.7,32,100,7.87,overcast clouds
214,Pokaran,IN,26.9167,71.9167,87.28,67,100,6.15,overcast clouds
215,Rosamorada,MX,22.1222,-105.2058,92.93,53,59,6.58,broken clouds
216,Olafsvik,IS,64.8945,-23.7142,51.04,84,93,5.1,overcast clouds
217,Wick,GB,58.4333,-3.0833,57.25,94,20,3.44,few clouds
218,Alofi,NU,-19.0595,-169.9187,76.89,78,40,11.5,scattered clouds
219,Lebu,CL,-37.6167,-73.65,49.42,81,29,14.7,scattered clouds
220,Korla,CN,41.7597,86.1469,76.17,29,0,5.08,clear sky
221,Cayenne,GF,4.9333,-52.3333,86.04,9,37,9.22,scattered clouds
222,Yeniseysk,RU,58.4497,92.1703,55.71,99,100,9.15,heavy intensity rain
223,Dunedin,NZ,-45.8742,170.5036,54.27,68,100,11.5,overcast clouds
224,Orda,RU,57.1951,56.9091,60.35,79,27,1.57,scattered clouds
225,Qobustan,AZ,40.0824,49.412,83.01,52,0,12.19,clear sky
226,Edremit,TR,39.5961,27.0244,78.55,50,0,19.57,clear sky
227,Kaeo,NZ,-35.1,173.7833,49.32,95,100,6.11,overcast clouds
228,Coihaique,CL,-45.5752,-72.0662,39.15,75,75,0.0,broken clouds
229,Norman Wells,CA,65.282,-126.8329,73.44,43,75,9.22,broken clouds
230,Lagoa,PT,39.05,-27.9833,70.9,92,0,9.84,clear sky
231,Teacapan,MX,22.55,-105.75,87.91,65,100,9.1,overcast clouds
232,Netolice,CZ,49.0493,14.197,62.85,68,40,3.78,scattered clouds
233,Acajutla,SV,13.5928,-89.8275,85.71,64,21,6.78,few clouds
234,Yumen,CN,40.2833,97.2,73.89,33,100,15.03,overcast clouds
235,Alta Floresta,BR,-9.8756,-56.0861,94.82,24,40,11.5,scattered clouds
236,Iquitos,PE,-3.7481,-73.2472,78.84,89,75,4.61,broken clouds
237,Najran,SA,17.4924,44.1277,84.85,33,94,9.57,overcast clouds
238,Marang,MY,5.2056,103.2059,78.71,88,93,3.94,overcast clouds
239,Phangnga,TH,8.4509,98.5298,77.04,95,78,2.26,broken clouds
240,Ewa Beach,US,21.3156,-158.0072,84.15,63,75,25.32,broken clouds
241,Petatlan,MX,17.5167,-101.2667,91.2,67,98,8.43,overcast clouds
242,Ranong,TH,9.9658,98.6348,78.37,89,97,4.7,overcast clouds
243,Rabaul,PG,-4.1967,152.1721,79.05,76,97,4.65,overcast clouds
244,Chestermere,CA,51.0334,-113.8187,73.38,53,75,9.22,broken clouds
245,Hambantota,LK,6.1241,81.1185,80.02,79,100,15.95,overcast clouds
246,Rossland,CA,49.0831,-117.8022,79.61,19,0,7.29,clear sky
247,Alyangula,AU,-13.8483,136.4192,67.48,88,27,8.19,scattered clouds
248,Gravdal,NO,68.1214,13.5031,51.69,76,40,4.61,scattered clouds
249,Mandiana,GN,10.6333,-8.6833,73.67,96,90,5.61,overcast clouds
250,Smidovich,RU,48.6,133.8167,63.81,95,100,5.53,overcast clouds
251,Baykit,RU,61.67,96.37,50.43,96,52,3.49,broken clouds
252,Leningradskiy,RU,69.3833,178.4167,32.56,94,83,26.75,light snow
253,Asyut,EG,27.181,31.1837,86.18,26,0,9.69,clear sky
254,Turayf,SA,31.6725,38.6637,88.05,27,0,11.5,clear sky
255,Husnicioara,RO,44.6781,22.8425,58.51,39,2,5.57,clear sky
256,Malindi,KE,-3.2175,40.1191,75.33,81,24,17.2,light rain
257,Baykalsk,RU,51.5058,104.1469,54.37,83,46,1.74,scattered clouds
258,Obigarm,TJ,38.7173,69.7088,72.23,34,0,4.5,clear sky
259,Pringsewu,ID,-5.3582,104.9744,72.7,97,70,1.36,broken clouds
260,Ilulissat,GL,69.2167,-51.1,51.82,54,20,3.44,few clouds
261,Narsaq,GL,60.9167,-46.05,59.22,72,96,6.08,overcast clouds
262,Saldanha,ZA,-33.0117,17.9442,55.45,91,0,7.4,clear sky
263,Verkhoyansk,RU,67.5447,133.385,57.38,65,100,2.24,overcast clouds
264,Lukovetskiy,RU,64.2956,41.9211,54.77,86,96,3.18,light rain
265,Belmonte,BR,-15.8631,-38.8828,72.64,87,17,8.95,few clouds
266,Ayan,RU,56.45,138.1667,57.51,93,100,9.06,overcast clouds
267,Cabo San Lucas,MX,22.8909,-109.9124,95.61,26,0,11.5,clear sky
268,Paamiut,GL,61.994,-49.6678,43.47,86,100,5.06,overcast clouds
269,Kailua,US,21.4022,-157.7394,84.18,73,75,11.5,broken clouds
270,Verkhnetulomskiy,RU,68.6073,31.7962,53.73,94,40,4.12,scattered clouds
271,Cururupu,BR,-1.8283,-44.8683,78.15,80,28,3.8,scattered clouds
272,Vilyuysk,RU,63.7553,121.6247,64.62,97,97,4.97,light rain
273,Ambon,ID,-3.6954,128.1814,78.24,15,40,4.61,scattered clouds
274,Kahului,US,20.8947,-156.47,87.82,65,20,24.0,few clouds
275,Deputatskiy,RU,69.3,139.9,48.04,63,78,3.0,broken clouds
276,Madera,US,37.1666,-119.8343,110.52,18,1,4.0,clear sky
277,Jumla,NP,29.2747,82.1838,62.62,96,72,1.5,broken clouds
278,Port Augusta,AU,-32.5,137.7667,43.34,86,2,2.98,clear sky
279,Kulob,TJ,37.9145,69.783,84.96,34,0,13.42,clear sky
280,Sergeyevka,KZ,53.88,67.4158,63.19,95,100,5.68,light rain
281,Mahebourg,MU,-20.4081,57.7,70.09,64,40,14.97,scattered clouds
282,Bardiyah,LY,31.7561,25.0865,78.85,65,0,11.03,clear sky
283,Ust-Tarka,RU,55.5672,75.705,53.6,84,3,7.58,clear sky
284,Chabahar,IR,25.2919,60.643,87.84,69,100,4.7,overcast clouds
285,Batemans Bay,AU,-35.7167,150.1833,51.1,52,0,9.91,clear sky
286,Gigmoto,PH,13.7796,124.39,80.33,84,100,3.67,overcast clouds
287,Puerto Escondido,MX,15.85,-97.0667,86.83,62,75,8.05,broken clouds
288,Turkistan,KZ,43.0,68.0,81.32,21,0,5.46,clear sky
289,Mmabatho,ZA,-25.85,25.6333,44.56,70,0,5.75,clear sky
290,Bonthe,SL,7.5264,-12.505,76.62,89,100,11.23,light rain
291,Golyshmanovo,RU,56.3979,68.3728,57.45,83,52,3.58,broken clouds
292,Waingapu,ID,-9.6567,120.2641,72.25,84,17,7.74,few clouds
293,Virginia Beach,US,36.8529,-75.978,94.01,63,75,13.8,broken clouds
294,Hovd,MN,48.0056,91.6419,64.54,42,15,8.1,few clouds
295,Iqaluit,CA,63.7506,-68.5145,40.73,93,100,5.75,light rain
296,Puntarenas,CR,9.9763,-84.8384,82.45,77,93,7.34,overcast clouds
297,Sistranda,NO,63.7256,8.834,53.56,82,85,18.77,overcast clouds
298,Rioja,AR,-29.4111,-66.8507,60.37,27,12,3.58,few clouds
299,Paravur,IN,8.7833,76.7,78.82,89,100,9.28,overcast clouds
300,Dikson,RU,73.5069,80.5464,43.95,79,10,8.14,clear sky
301,Comodoro Rivadavia,AR,-45.8667,-67.5,48.06,49,0,24.16,clear sky
302,Coruripe,BR,-10.1256,-36.1756,73.4,77,10,8.37,clear sky
303,Acapulco,MX,16.8634,-99.8901,87.62,62,75,5.75,broken clouds
304,Nantucket,US,41.2835,-70.0995,84.31,82,0,11.5,clear sky
305,Zhigansk,RU,66.7697,123.3711,55.45,70,83,10.45,broken clouds
306,Labuhan,ID,-6.8844,112.2051,75.7,88,98,7.27,overcast clouds
307,Lazaro Cardenas,MX,17.9583,-102.2,85.98,65,87,9.53,overcast clouds
308,Solvychegodsk,RU,61.3305,46.9156,58.41,87,92,1.79,overcast clouds
309,Gusau,NG,12.1628,6.6614,73.96,86,100,2.33,light rain
310,Furth Im Wald,DE,49.3097,12.84,64.44,38,14,1.9,few clouds
311,Beni,CD,0.5,29.4667,63.54,93,35,2.42,scattered clouds
312,Shimanovsk,RU,52.0,127.7,65.64,97,96,2.77,light rain
313,Tofte,NO,59.5428,10.5614,65.39,71,95,2.57,overcast clouds
314,Podor,MR,16.6527,-14.9587,85.68,52,11,16.73,few clouds
315,Dzidzantun,MX,21.25,-89.05,88.72,52,65,8.7,broken clouds
316,Mehriz,IR,31.5917,54.4318,82.9,11,0,4.59,clear sky
317,Bloemhof,ZA,-27.6469,25.607,52.12,39,0,2.84,clear sky
318,Skjervoy,NO,70.0311,20.9714,48.2,82,100,4.34,overcast clouds
319,Alice Springs,AU,-23.7,133.8833,35.15,41,0,0.0,clear sky
320,Moron,AR,-34.6534,-58.6198,56.01,48,24,7.11,few clouds
321,Bougouni,ML,11.417,-7.479,76.32,87,99,4.9,overcast clouds
322,Chaiyaphum,TH,15.75,102.0,78.12,85,54,6.98,broken clouds
323,Dharmadam,IN,11.7833,75.4333,77.22,86,100,5.95,overcast clouds
324,Viedma,AR,-40.8135,-62.9967,49.77,45,58,22.7,broken clouds
325,Keflavik,IS,64.0049,-22.5624,51.71,87,100,11.5,light intensity drizzle
326,Junagarh,IN,19.8667,82.9333,76.53,91,98,5.28,overcast clouds
327,Gasa,PS,31.5,34.4667,73.89,79,0,1.79,clear sky
328,Barra Patuca,HN,15.8,-84.2833,83.71,75,10,10.04,clear sky
329,West Bay,KY,19.3667,-81.4167,88.05,76,40,8.05,scattered clouds
330,Wamba,NG,8.9333,8.6,71.58,92,100,1.99,overcast clouds
331,Verrettes,HT,19.05,-72.4667,95.52,36,5,1.25,clear sky
332,Leeuwarden,NL,53.2014,5.8086,68.0,76,75,0.0,broken clouds
333,Morant Bay,JM,17.8815,-76.4093,91.71,70,52,13.89,broken clouds
334,Sao Filipe,CV,14.8961,-24.4956,75.2,79,43,14.43,scattered clouds
335,Manokwari,ID,-0.8667,134.0833,75.74,83,100,2.46,overcast clouds
336,Dawson Creek,CA,55.7666,-120.2362,73.04,38,0,6.91,clear sky
337,Gat,IL,31.61,34.7642,79.48,100,0,0.56,clear sky
338,Pacific Grove,US,36.6177,-121.9166,80.2,85,40,11.5,scattered clouds
339,Kawalu,ID,-7.3817,108.2082,71.8,96,100,1.43,overcast clouds
340,San Andres,CO,12.5847,-81.7006,86.02,79,75,13.8,broken clouds
341,Saint-Ambroise,CA,48.5501,-71.3324,82.58,50,98,6.91,overcast clouds
342,Triunfo,BR,-29.9433,-51.7181,49.59,84,18,2.35,few clouds
343,Kaitangata,NZ,-46.2817,169.8464,46.04,85,84,5.68,broken clouds
344,Lavrentiya,RU,65.5833,-171.0,47.62,95,100,7.49,overcast clouds
345,Luwuk,ID,-0.9516,122.7875,74.12,95,100,4.74,moderate rain
346,Faya,SA,18.3851,42.4509,68.52,41,37,5.06,scattered clouds
347,Little Current,CA,45.9793,-81.9248,81.41,58,0,5.28,clear sky
348,San Jose,US,37.3394,-121.895,96.69,43,20,11.5,few clouds
349,Avola,IT,36.9113,15.1395,79.09,53,0,3.69,clear sky
350,Bandarbeyla,SO,9.4942,50.8122,76.32,80,9,38.45,clear sky
351,Kangaatsiaq,GL,68.3065,-53.4641,41.16,91,89,6.8,overcast clouds
352,Wattegama,LK,6.7989,81.4808,75.81,85,100,3.36,overcast clouds
353,Yarada,IN,17.65,83.2667,80.92,94,75,3.44,mist
354,Benguela,AO,-12.5763,13.4055,67.21,87,29,1.25,scattered clouds
355,Waynesboro,US,38.0685,-78.8895,81.79,69,75,2.77,broken clouds
356,Hualmay,PE,-11.0964,-77.6139,65.1,74,14,10.47,few clouds
357,Lagos,NG,6.5833,3.75,74.77,87,99,4.41,overcast clouds
358,Petropavlovsk-Kamchatskiy,RU,53.0452,158.6483,64.78,94,0,2.24,clear sky
359,Balad,IQ,34.0164,44.1453,94.03,15,0,11.56,clear sky
360,Tamandare,BR,-8.7597,-35.1047,74.95,81,80,8.88,broken clouds
361,Te Anau,NZ,-45.4167,167.7167,51.28,82,100,12.97,moderate rain
362,Surab,PK,28.4914,66.2585,71.1,72,97,6.67,overcast clouds
363,Brae,GB,60.3964,-1.353,53.78,87,100,9.35,overcast clouds
364,Anadyr,RU,64.75,177.4833,43.3,41,0,29.08,clear sky
365,Nikki,BJ,9.9401,3.2108,72.21,94,97,4.61,light rain
366,Ahualulco,MX,22.4,-101.1667,78.62,24,0,18.84,clear sky
367,Kavaratti,IN,10.5669,72.642,82.15,75,100,20.4,overcast clouds
368,Kanniyakumari,IN,8.0833,77.5667,80.62,69,100,20.04,overcast clouds
369,Boddam,GB,57.4667,-1.7833,68.43,76,100,10.78,overcast clouds
370,Belaya Gora,RU,68.5333,146.4167,51.78,49,61,1.83,broken clouds
371,Alugan,PH,12.2188,125.4808,78.69,87,100,7.49,overcast clouds
372,Phan Thiet,VN,10.9333,108.1,76.95,88,94,7.85,overcast clouds
373,Selfoss,IS,63.9331,-20.9971,53.04,78,42,6.08,scattered clouds
374,Mount Gambier,AU,-37.8333,140.7667,46.47,79,100,8.72,overcast clouds
375,Kabalo,CD,-6.05,26.9167,78.62,41,58,4.5,broken clouds
376,Broome,US,42.2506,-75.833,87.46,50,75,8.01,broken clouds
377,Bende,NG,5.5572,7.6368,73.11,86,81,2.57,broken clouds
378,San Pedro De Ycuamandiyu,PY,-24.0917,-57.0764,63.1,41,36,3.74,scattered clouds
379,Jambi,ID,-1.6,103.6167,74.14,93,77,2.93,broken clouds
380,Zihuatanejo,MX,17.6333,-101.55,91.49,58,75,10.36,broken clouds
381,Homer,US,59.6425,-151.5483,57.09,81,75,10.36,broken clouds
382,Zarubino,RU,42.63,131.0922,61.99,98,100,12.33,light rain
383,Pangnirtung,CA,66.1451,-65.7125,44.6,81,40,16.11,scattered clouds
384,Mitu,CO,1.1983,-70.1733,80.71,85,42,3.33,scattered clouds
385,Castries,LC,13.9957,-61.0061,82.53,70,40,13.8,scattered clouds
386,Wilmington,US,34.2257,-77.9447,89.51,69,75,11.5,broken clouds
387,Aklavik,CA,68.2191,-135.0107,72.37,40,96,8.72,overcast clouds
388,Praia Da Vitoria,PT,38.7333,-27.0667,75.45,78,75,11.23,broken clouds
389,Biak,ID,-0.9131,122.8766,72.59,94,100,6.33,moderate rain
390,Tautira,PF,-17.7333,-149.15,75.43,71,45,13.18,scattered clouds
391,Yuncheng,CN,35.0231,110.9928,74.91,62,68,2.68,broken clouds
392,Namibe,AO,-15.1961,12.1522,64.58,83,6,1.83,clear sky
393,Baoding,CN,38.8511,115.4903,77.07,51,67,10.42,broken clouds
394,Deqing,CN,30.5448,119.9599,81.95,95,100,2.33,overcast clouds
395,Omsukchan,RU,62.5333,155.8,49.59,91,100,4.97,light rain
396,Sao Lourenco Do Sul,BR,-31.3653,-51.9783,50.9,75,0,5.26,clear sky
397,Mahon,ES,39.8885,4.2658,82.96,57,0,3.44,clear sky
398,Pine Bluff,US,34.2284,-92.0032,97.32,54,72,1.01,broken clouds
399,Port-Gentil,GA,-0.7193,8.7815,75.16,83,75,9.22,broken clouds
400,Havre-Saint-Pierre,CA,50.2334,-63.5986,66.56,68,20,20.71,few clouds
401,Entre Rios,BR,-11.9419,-38.0844,68.67,84,0,4.45,clear sky
402,San Quintin,MX,30.4833,-115.95,74.59,65,8,10.67,clear sky
403,Shemgang,BT,27.2169,90.6579,61.74,98,86,1.5,overcast clouds
404,Arlit,NE,18.7369,7.3853,94.57,29,73,8.05,broken clouds
405,Kununurra,AU,-15.7667,128.7333,49.98,87,3,3.44,clear sky
406,Cockburn Town,TC,21.4612,-71.1419,85.96,66,40,16.11,scattered clouds
407,Massakory,TD,12.996,15.7293,77.59,75,97,12.5,overcast clouds
408,Sao Joao,BR,-8.8756,-36.3667,62.38,95,70,6.96,broken clouds
409,Tawang,IN,27.5833,91.8667,57.6,93,99,1.23,overcast clouds
410,Katsuura,JP,35.1333,140.3,78.06,90,100,12.39,overcast clouds
411,Maarianhamina,AX,60.0973,19.9348,53.46,76,0,2.3,clear sky
412,Bubaque,GW,11.2833,-15.8333,80.47,87,100,14.76,overcast clouds
413,Srandakan,ID,-7.9386,110.2506,75.47,85,91,8.16,overcast clouds
414,Port Hardy,CA,50.6996,-127.4199,57.38,88,75,10.36,broken clouds
415,Neuquen,AR,-38.9516,-68.0591,53.49,50,40,9.22,scattered clouds
416,Luganville,VU,-15.5333,167.1667,78.69,86,61,12.95,broken clouds
417,Farmington,US,36.7281,-108.2187,101.16,16,0,8.05,clear sky
418,Merauke,ID,-8.4667,140.3333,75.49,89,100,9.57,overcast clouds
419,Meadow Lake,US,34.8014,-106.5436,99.61,19,21,3.29,few clouds
420,Nyurba,RU,63.2842,118.3319,55.9,97,96,4.52,overcast clouds
421,Euclides Da Cunha,BR,-10.5075,-39.0158,74.28,50,96,13.42,overcast clouds
422,Buala,SB,-8.145,159.5921,81.34,78,29,9.08,scattered clouds
423,Sobolevo,RU,54.4299,31.8996,52.09,88,17,6.31,few clouds
424,Kaili,ID,-3.4626,120.2147,65.8,98,100,2.8,light rain
425,Kavieng,PG,-2.5744,150.7967,81.88,80,45,13.51,light rain
426,Nabire,ID,-3.3667,135.4833,74.52,95,100,3.18,overcast clouds
427,Santa Rosa,PH,14.3122,121.1114,78.78,95,90,1.63,overcast clouds
428,Yerbogachen,RU,61.2767,108.0108,57.38,83,83,1.77,broken clouds
429,Sandwick,GB,60.0,-1.25,53.42,94,100,8.05,overcast clouds
430,Saint Anthony,US,45.0205,-93.218,91.35,56,40,10.36,scattered clouds
431,Khani,GE,41.9563,42.9566,63.97,98,100,0.76,overcast clouds
432,Newport,GB,51.5877,-2.9984,73.94,51,100,1.07,overcast clouds
433,Grafton,US,42.207,-71.6856,89.29,51,0,11.5,clear sky
434,Amapa,BR,1.0,-52.0,75.83,94,100,2.89,overcast clouds
435,Namatanai,PG,-3.6667,152.4333,80.19,77,68,9.13,broken clouds
436,Taltal,CL,-25.4,-70.4833,61.99,63,12,4.27,few clouds
437,Mitsamiouli,KM,-11.3847,43.2844,76.89,69,12,6.71,few clouds
438,Bilibino,RU,68.0546,166.4372,33.4,68,98,20.0,overcast clouds
439,Peniche,PT,39.3558,-9.3811,68.56,86,0,3.22,clear sky
440,Sabang,ID,5.8933,95.3214,81.63,78,78,7.2,broken clouds
441,Santiago,CL,-33.4569,-70.6483,57.29,51,100,2.3,overcast clouds
442,Ranau,MY,5.9538,116.6641,70.47,75,98,2.1,overcast clouds
443,Januaria,BR,-15.4833,-44.3667,76.33,24,3,3.78,clear sky
444,Eureka,US,40.8021,-124.1637,68.2,79,13,4.0,few clouds
445,Severnoye,RU,56.3491,78.3619,51.13,96,5,6.76,clear sky
446,Marzuq,YE,14.4,46.4667,82.98,16,70,4.21,broken clouds
447,Pleasanton,US,37.6624,-121.8747,100.33,38,0,12.66,clear sky
448,Jiaojiang,CN,28.6803,121.4428,79.0,96,100,5.03,overcast clouds
449,Tayu,ID,-6.5397,111.0518,75.6,87,99,8.88,overcast clouds
450,Baracoa,CU,20.3467,-74.4958,85.23,73,31,10.42,scattered clouds
451,Venice,US,27.0998,-82.4543,89.98,74,0,8.05,clear sky
452,Sunbury,AU,-37.5833,144.7333,43.83,86,91,3.0,overcast clouds
453,Kantunilkin,MX,21.0917,-87.45,95.79,36,40,3.47,scattered clouds
454,Bilma,NE,18.6853,12.9164,89.56,37,47,9.1,scattered clouds
455,Hryshkivtsi,UA,49.9353,28.6038,51.82,94,12,11.27,few clouds
456,Gaomi,CN,36.3833,119.7528,68.52,96,10,4.61,clear sky
457,Mayo,US,38.8876,-76.5119,87.37,82,0,6.91,clear sky
458,Awbari,LY,26.5921,12.7805,84.13,14,0,9.1,clear sky
459,Tabou,CI,4.423,-7.3528,75.61,81,99,11.48,overcast clouds
460,Colac,AU,-38.3333,143.5833,42.08,83,97,8.41,overcast clouds
461,Pahrump,US,36.2083,-115.9839,102.25,19,72,8.01,broken clouds
462,Antigonish,CA,45.6169,-61.9986,79.14,48,50,7.0,scattered clouds
463,San Ramon,US,37.7799,-121.978,99.81,41,0,12.66,clear sky
464,Honiara,SB,-9.4333,159.95,80.13,76,23,7.16,few clouds
465,Mackay,AU,-21.15,149.2,60.67,87,1,8.48,clear sky
466,Vardo,NO,70.3705,31.1107,53.58,87,40,5.75,scattered clouds
467,Riyadh,SA,24.6877,46.7219,93.34,10,18,5.37,few clouds
468,Sisimiut,GL,66.9395,-53.6735,45.01,80,97,7.34,overcast clouds
469,La Asuncion,VE,11.0333,-63.8628,82.13,83,84,17.27,broken clouds
470,Milkovo,RU,54.7167,158.6167,69.12,65,14,2.77,few clouds
471,Alamos,MX,27.0167,-108.9333,89.38,54,85,3.89,overcast clouds
472,Boende,CD,-0.2167,20.8667,74.1,91,100,2.08,light rain
473,La Ronge,CA,55.1001,-105.2842,77.25,38,75,8.05,broken clouds
474,Itarema,BR,-2.9248,-39.9167,79.83,78,25,17.56,scattered clouds
475,Miraflores,MX,19.2167,-98.8083,76.03,71,90,2.37,overcast clouds
476,Petukhovo,RU,55.0692,67.9019,62.62,80,100,4.59,overcast clouds
477,Salina,US,38.8403,-97.6114,93.31,55,40,11.5,scattered clouds
478,Broken Hill,AU,-31.95,141.4333,41.22,90,1,7.02,clear sky
479,Yatou,CN,37.15,122.3833,72.03,86,36,5.12,scattered clouds
480,Boden,SE,65.8252,21.6886,55.4,89,100,5.55,overcast clouds
481,Laguna,US,38.421,-121.4238,106.32,27,0,6.91,clear sky
482,Klaksvik,FO,62.2266,-6.589,50.92,87,100,21.74,overcast clouds
483,Sibolga,ID,1.7427,98.7792,75.27,81,30,3.31,scattered clouds
484,Tuatapere,NZ,-46.1333,167.6833,52.7,77,88,15.01,overcast clouds
485,Orchard Homes,US,46.8633,-114.0484,96.39,26,0,3.44,clear sky
486,Zaozerne,UA,45.1582,33.2787,75.0,48,65,16.64,broken clouds
487,Grand Gaube,MU,-20.0064,57.6608,70.38,63,55,7.0,broken clouds
488,Tsaratanana,MG,-16.7833,47.65,66.36,72,46,11.7,scattered clouds
489,Ada,US,43.4166,-116.1262,92.55,19,59,5.01,broken clouds
490,Ordzhonikidze,KZ,52.4411,61.7408,68.34,71,100,7.23,overcast clouds
491,Nuevo Progreso,MX,23.1667,-97.95,93.54,49,3,10.0,clear sky
492,Corrales,US,35.2378,-106.6067,101.17,20,0,8.01,clear sky
493,Chenzhou,CN,25.8,113.0333,76.64,97,100,4.36,overcast clouds
494,Maxixe,MZ,-23.8597,35.3472,65.79,91,4,5.35,clear sky
495,Marrakesh,MA,31.6315,-8.0083,93.27,40,40,10.36,scattered clouds
496,Vysokogornyy,RU,50.1167,139.15,53.15,95,100,2.71,overcast clouds
497,Ust-Kuyga,RU,70.0167,135.6,49.15,55,94,3.31,overcast clouds
498,Bodden Town,KY,19.2833,-81.25,87.98,75,40,8.05,scattered clouds
499,Saint-Pierre,RE,-21.3393,55.4781,69.91,68,0,20.71,clear sky
500,Fare,PF,-16.7,-151.0167,76.8,69,77,17.09,light rain
501,Capao Da Canoa,BR,-29.7456,-50.0097,55.13,69,0,10.85,clear sky
502,Badarpur,IN,24.9,92.6,78.42,95,97,2.86,overcast clouds
503,Weyburn,CA,49.6668,-103.8511,93.42,24,0,6.91,clear sky
504,Isangel,VU,-19.55,169.2667,75.74,85,100,15.84,overcast clouds
505,Burnie,AU,-41.0667,145.9167,39.94,71,73,12.24,broken clouds
506,Rio Gallegos,AR,-51.6226,-69.2181,35.65,69,20,14.97,few clouds
507,Vagur,FO,61.4732,-6.8119,50.54,88,100,23.64,overcast clouds
508,Kemi,FI,65.8596,24.8228,56.97,88,20,5.75,few clouds
509,Emerald,AU,-23.5333,148.1667,56.34,83,9,4.54,clear sky
510,Itupiranga,BR,-5.1347,-49.3267,97.12,49,8,0.16,clear sky
511,Atasu,KZ,48.6814,71.6433,67.89,55,0,7.23,clear sky
512,Togul,RU,53.465,85.9128,51.44,88,75,3.36,broken clouds
513,Stykkisholmur,IS,65.0757,-22.7297,51.76,84,100,7.67,overcast clouds
514,Shimoda,JP,34.6667,138.95,77.11,88,87,14.03,overcast clouds
515,Zaranj,AF,30.9667,61.8833,94.96,10,0,16.17,clear sky
516,Russell,US,32.3502,-85.1999,92.97,51,0,3.44,clear sky
517,Springbok,ZA,-29.6643,17.8865,54.91,38,6,2.8,clear sky
518,Almeria,ES,37.1667,-2.3333,76.44,43,0,3.69,clear sky
519,Batagay,RU,67.6333,134.6333,55.45,66,100,0.81,overcast clouds
520,Egvekinot,RU,66.3167,-179.1667,37.31,38,45,21.43,scattered clouds
521,Henties Bay,NA,-22.116,14.2845,65.44,52,14,9.01,few clouds
522,Messina,IT,38.1933,15.5497,81.93,75,0,9.22,clear sky
523,Mirnyy,RU,62.5353,113.9611,50.23,93,100,1.99,overcast clouds
524,Bonoua,CI,5.2741,-3.595,78.42,85,39,7.45,scattered clouds
525,Aykhal,RU,66.0,111.5,48.85,97,100,3.15,overcast clouds
526,Talnakh,RU,69.4865,88.3972,52.21,68,94,1.79,overcast clouds
527,Kloulklubed,PW,7.0419,134.2556,81.82,71,98,4.0,overcast clouds
528,Jalu,LY,29.0331,21.5482,83.03,42,0,17.38,clear sky
529,Severo-Kurilsk,RU,50.6789,156.125,55.09,94,99,2.55,overcast clouds
530,Port Blair,IN,11.6667,92.75,77.04,94,75,2.3,light rain
531,Port Moresby,PG,-9.4431,147.1797,74.62,94,75,3.44,broken clouds
532,Padang,ID,-0.9492,100.3543,76.28,77,12,4.14,few clouds
533,Birjand,IR,32.8663,59.2211,79.27,10,0,6.91,clear sky
534,Samarai,PG,-10.6167,150.6667,79.47,82,27,5.12,scattered clouds
535,Yantal,RU,56.8471,105.2542,50.38,95,4,2.98,clear sky
536,Road Town,VG,18.4167,-64.6167,87.89,70,40,16.11,scattered clouds
537,Mandeville,JM,18.0417,-77.5071,82.9,50,77,14.47,broken clouds
538,Mezen,RU,65.8522,44.24,57.49,86,100,3.31,overcast clouds
539,Roald,NO,62.5833,6.1333,59.92,76,75,16.11,broken clouds
540,San Carlos De Bariloche,AR,-41.1456,-71.3082,36.25,93,75,9.22,broken clouds
541,Hofn,IS,64.2539,-15.2082,55.31,69,30,8.39,scattered clouds
542,Nicoya,CR,10.1483,-85.452,83.12,75,94,3.53,overcast clouds
543,Coria,ES,39.9879,-6.5377,91.45,19,65,7.49,broken clouds
544,Upata,VE,8.0086,-62.3989,78.64,89,32,4.81,scattered clouds
545,Dahuk,IQ,36.8695,42.994,88.75,20,0,2.3,clear sky
546,Abu Dhabi,AE,24.4667,54.3667,95.11,74,0,4.61,clear sky
547,Bijie,CN,27.3125,105.2942,67.71,98,100,3.98,overcast clouds
548,Arak,IR,34.0917,49.6892,74.37,13,0,3.29,clear sky
549,Shenjiamen,CN,29.9576,122.298,77.41,95,100,7.36,overcast clouds
550,Dayong,CN,25.0209,118.2898,79.0,96,100,0.81,overcast clouds
551,Houma,US,29.5958,-90.7195,93.99,61,40,11.5,scattered clouds
552,Ruzhyn,UA,49.7228,29.2046,52.99,89,11,11.68,few clouds
553,Ankara,TR,39.9199,32.8543,70.99,55,0,10.36,clear sky
554,Coahuayana,MX,18.7333,-103.6833,85.26,75,80,8.19,broken clouds
555,Port Hedland,AU,-20.3167,118.5667,53.65,66,4,4.61,clear sky
556,Srisailam,IN,16.0833,78.8667,74.01,91,100,10.51,heavy intensity rain
557,Novikovo,RU,51.1537,37.8879,59.94,77,86,4.23,overcast clouds
558,Mandalgovi,MN,45.7625,106.2708,65.07,38,16,9.82,few clouds
559,Flinders,AU,-34.5833,150.8552,52.25,71,4,8.99,clear sky
560,Rocha,UY,-34.4833,-54.3333,45.09,71,0,7.31,clear sky
561,Anito,PH,12.4497,125.2886,77.18,92,100,5.44,overcast clouds
562,Pizarro,CO,4.9533,-77.366,80.56,79,100,7.11,overcast clouds
563,Uchkeken,RU,43.9378,42.5117,61.5,90,19,5.75,light rain
564,Avera,US,33.194,-82.5271,90.91,39,37,8.39,scattered clouds
565,Teahupoo,PF,-17.8333,-149.2667,75.16,68,42,11.79,scattered clouds
566,Niquelandia,BR,-14.4739,-48.4597,79.83,29,5,6.29,clear sky
567,Bauchi,NG,10.5,10.0,69.48,94,100,3.29,overcast clouds
568,Havoysund,NO,70.9963,24.6622,52.03,86,53,6.35,broken clouds
569,Mehamn,NO,71.0357,27.8492,51.75,87,75,5.75,broken clouds
570,Vichuga,RU,57.2128,41.9301,60.71,67,100,2.26,overcast clouds
571,Zhuanghe,CN,39.7008,122.9911,68.4,95,0,4.32,clear sky
572,Skegness,GB,53.1436,0.3363,77.07,55,96,15.68,overcast clouds
573,Sao Jose Do Belmonte,BR,-7.8614,-38.7597,75.22,59,100,9.15,overcast clouds
574,Kandrian,PG,-6.2167,149.55,78.48,88,68,4.07,light rain
575,Vestmanna,FO,62.1564,-7.1664,49.12,93,100,8.05,overcast clouds
576,Fulton,US,33.7668,-84.4499,92.03,54,75,12.66,broken clouds
577,Isla Mujeres,MX,21.2311,-86.731,91.17,62,4,12.75,clear sky
578,Tura,IN,25.5198,90.2201,75.22,95,99,4.85,overcast clouds
579,Blagodatnoye,RU,45.3997,42.5867,77.92,50,64,8.08,broken clouds
580,Churapcha,RU,62.0025,132.4325,73.54,65,50,4.12,scattered clouds
581,Ancud,CL,-41.8697,-73.8203,42.22,74,68,15.14,broken clouds
582,North Bend,US,43.4065,-124.2243,76.24,72,0,27.63,clear sky
583,West Wendover,US,40.7391,-114.0733,99.61,15,0,14.97,clear sky
584,Mogadishu,SO,2.0371,45.3438,76.23,82,35,17.63,scattered clouds
585,Bissau,GW,11.8636,-15.5977,82.51,83,20,4.61,few clouds
586,Ribeira Brava,PT,32.65,-17.0667,75.0,84,8,6.93,clear sky
587,Parana,AR,-31.732,-60.5238,58.55,53,0,10.67,clear sky
588,Tipuani,BO,-15.5648,-68.0185,69.49,98,95,2.42,overcast clouds
589,Divnogorsk,RU,55.9594,92.3619,57.74,98,75,9.24,broken clouds
590,Husavik,IS,66.0449,-17.3389,46.58,92,100,7.74,overcast clouds
591,Ajdabiya,LY,30.7554,20.2263,80.51,63,0,16.08,clear sky
592,Tandur,IN,17.2333,77.5833,74.97,86,100,17.18,overcast clouds
593,Hun,LY,29.1268,15.9477,82.4,33,0,15.82,clear sky
594,Teknaf,BD,20.8624,92.3058,79.79,89,100,7.4,overcast clouds
595,Pemba,MZ,-12.974,40.5178,73.2,80,60,11.52,light rain
596,Kendari,ID,-3.945,122.4989,73.2,96,100,2.89,moderate rain
597,Huntsville,US,34.7304,-86.5861,95.92,50,75,6.91,broken clouds
598,Juybar,IR,36.6412,52.9124,78.89,72,0,3.04,clear sky
599,Escarcega,MX,18.6089,-90.7454,100.15,26,100,2.66,overcast clouds
600,The Valley,AI,18.217,-63.0578,86.14,66,20,16.11,few clouds
601,Panaba,MX,21.2833,-88.2667,89.87,49,81,16.22,broken clouds
602,Jinka,ET,5.65,36.65,65.48,65,71,4.18,broken clouds
603,Kandalaksha,RU,67.162,32.4123,52.11,92,50,4.29,scattered clouds
604,Gladstone,AU,-23.85,151.25,57.78,82,100,2.3,overcast clouds
605,Otane,NZ,-39.8833,176.6333,48.0,73,87,1.86,overcast clouds
606,Mont-Dore,NC,-22.2833,166.5833,71.01,99,77,8.57,broken clouds
607,Gazli,UZ,40.1333,63.45,92.39,12,0,18.3,clear sky
608,Beira,MZ,-19.8436,34.8389,68.52,81,69,7.94,broken clouds
609,Bend,US,44.0582,-121.3153,87.22,35,0,11.5,clear sky
610,Kiama,AU,-34.6833,150.8667,54.0,72,4,3.0,clear sky
611,Jibuti,DJ,11.5,42.5,89.91,30,77,3.56,broken clouds
612,Sorland,NO,67.667,12.6934,49.86,91,97,15.95,light rain
613,Dubovka,RU,49.0583,44.829,76.15,53,1,4.12,clear sky
614,Vestmannaeyjar,IS,63.4427,-20.2734,51.94,87,50,13.56,scattered clouds
615,Ketchikan,US,55.3422,-131.6461,58.98,88,100,11.5,overcast clouds
616,Newburn,GB,54.9876,-1.7442,74.71,49,0,3.44,clear sky
617,Maceio,BR,-9.6658,-35.7353,80.04,69,40,9.22,scattered clouds
618,Camana,PE,-16.6228,-72.7111,62.2,76,56,9.15,broken clouds
619,Douala,CM,4.0483,9.7043,75.4,90,100,4.59,overcast clouds
620,Notre-Dame-Du-Lac,CA,47.6136,-68.7964,82.74,44,77,5.75,broken clouds
621,Hemsedal,NO,60.8629,8.5534,55.15,91,93,5.44,overcast clouds
622,Xuddur,SO,4.1213,43.8894,72.05,70,25,21.43,scattered clouds
623,Shaoxing,CN,30.011,120.5715,82.35,87,100,3.83,overcast clouds
624,Kodino,RU,63.7198,39.6447,51.51,92,47,2.35,scattered clouds
625,Kamojima,JP,34.0667,134.35,76.82,77,100,4.36,overcast clouds
626,Adrar,MR,20.5022,-10.0711,101.73,9,60,9.28,broken clouds
627,Mariinsk,RU,56.2139,87.7472,53.96,98,100,10.94,light rain
628,Todos Santos,MX,23.45,-110.2167,77.67,80,13,6.8,few clouds
629,Ayr,GB,55.4627,-4.6339,67.32,83,100,2.26,overcast clouds
630,Sovetskiy,RU,61.3614,63.5842,59.61,60,100,2.26,overcast clouds
631,Pajarito,CO,5.2929,-72.7028,74.28,92,99,2.13,overcast clouds
632,Imbituba,BR,-28.24,-48.6703,59.09,83,100,6.31,overcast clouds
633,Chuari Khas,IN,32.4333,76.0167,73.33,70,1,4.94,clear sky
634,Big Spring,US,32.2504,-101.4787,99.05,26,40,9.22,scattered clouds
635,Karratha,AU,-20.7377,116.8463,64.81,55,1,6.42,light rain
636,Bydgoszcz,PL,53.1235,18.0076,61.83,65,0,5.75,clear sky
637,Smithers,CA,54.7804,-127.1743,66.52,52,75,4.61,broken clouds
638,Moose Factory,CA,51.2585,-80.6094,87.8,42,40,14.97,scattered clouds
639,Ponta Delgada,PT,37.7333,-25.6667,68.72,100,75,11.5,broken clouds
640,Yulara,AU,-25.2406,130.9889,47.46,51,74,9.35,broken clouds
641,Hami,CN,42.8,93.45,78.84,27,4,3.15,clear sky
642,Bunia,CD,1.5667,30.25,65.98,73,24,2.84,few clouds
643,Kattivakkam,IN,13.2167,80.3167,81.07,88,100,13.71,overcast clouds
644,Berlevag,NO,70.8578,29.0864,53.4,87,40,8.05,scattered clouds
645,Bani,DO,18.2833,-70.3333,90.84,63,37,15.08,scattered clouds
646,Pascagoula,US,30.3658,-88.5561,93.42,71,75,5.75,broken clouds
647,Palmer,US,42.1584,-72.3287,87.4,50,40,13.8,scattered clouds
648,Noumea,NC,-22.2763,166.4572,71.01,99,57,9.78,broken clouds
649,Alad,PH,12.6168,122.2475,83.23,71,98,2.98,overcast clouds
650,Port Macquarie,AU,-31.4333,152.9167,47.89,77,2,7.9,clear sky
651,Itainopolis,BR,-7.4469,-41.4783,84.49,34,60,6.33,broken clouds
652,Ipswich,GB,52.0592,1.1555,69.4,67,61,8.05,broken clouds
653,Cairns,AU,-16.9167,145.7667,67.95,85,100,5.75,overcast clouds
654,Luba,GQ,3.4568,8.5547,76.89,88,100,5.59,light rain
655,Batagay-Alyta,RU,67.8006,130.4114,52.25,72,100,3.69,overcast clouds
656,Marsh Harbour,BS,26.5412,-77.0636,83.07,75,71,14.23,broken clouds
657,Hamilton,US,39.1834,-84.5333,74.25,94,100,13.8,light rain
658,Nizhniy Kuranakh,RU,58.8353,125.4869,69.22,82,14,1.03,few clouds
659,Barranca,PE,-10.75,-77.7667,64.08,74,13,11.05,few clouds
660,Beloha,MG,-25.1667,45.05,63.32,78,0,9.84,clear sky
661,Irinjalakuda,IN,10.3333,76.2333,75.09,94,100,1.3,light rain
662,Kolo,PL,52.2002,18.6387,56.98,55,43,6.08,scattered clouds
663,Pecangakan,ID,-6.9302,109.1188,74.82,88,92,6.35,overcast clouds
664,Nishihara,JP,26.1842,127.7558,83.86,91,75,18.41,drizzle
665,Santa Fe,AR,-31.6333,-60.7,59.0,45,0,10.0,clear sky
666,Gogrial,SS,8.5332,28.1004,72.99,91,99,2.68,moderate rain
